Id,Name,Team,Games,Year,Season
0,A Dijiang,China,1992 Summer,1992,Summer
1,A Lamusi,China,2012 Summer,2012,Summer
2,Gunnar Nielsen Aaby,Denmark,1920 Summer,1920,Summer
3,Edgar Lindenau Aabye,Denmark/Sweden,1900 Summer,1900,Summer
4,Christine Jacoba Aaftink,Netherlands,1988 Winter,1988,Winter
5,Christine Jacoba Aaftink,Netherlands,1988 Winter,1988,Winter
6,Christine Jacoba Aaftink,Netherlands,1992 Winter,1992,Winter
7,Christine Jacoba Aaftink,Netherlands,1992 Winter,1992,Winter
8,Christine Jacoba Aaftink,Netherlands,1994 Winter,1994,Winter
9,Christine Jacoba Aaftink,Netherlands,1994 Winter,1994,Winter
10,Per Knut Aaland,United States,1992 Winter,1992,Winter
11,Per Knut Aaland,United States,1992 Winter,1992,Winter
12,Per Knut Aaland,United States,1992 Winter,1992,Winter
13,Per Knut Aaland,United States,1992 Winter,1992,Winter
14,Per Knut Aaland,United States,1994 Winter,1994,Winter
15,Per Knut Aaland,United States,1994 Winter,1994,Winter
16,Per Knut Aaland,United States,1994 Winter,1994,Winter
17,Per Knut Aaland,United States,1994 Winter,1994,Winter
18,John Aalberg,United States,1992 Winter,1992,Winter
19,John Aalberg,United States,1992 Winter,1992,Winter
20,John Aalberg,United States,1992 Winter,1992,Winter
21,John Aalberg,United States,1992 Winter,1992,Winter
22,John Aalberg,United States,1994 Winter,1994,Winter
23,John Aalberg,United States,1994 Winter,1994,Winter
24,John Aalberg,United States,1994 Winter,1994,Winter
25,John Aalberg,United States,1994 Winter,1994,Winter
26,"Cornelia ""Cor"" Aalten (-Strannood)",Netherlands,1932 Summer,1932,Summer
27,"Cornelia ""Cor"" Aalten (-Strannood)",Netherlands,1932 Summer,1932,Summer
28,Antti Sami Aalto,Finland,2002 Winter,2002,Winter
29,"Einar Ferdinand ""Einari"" Aalto",Finland,1952 Summer,1952,Summer
30,Jorma Ilmari Aalto,Finland,1980 Winter,1980,Winter
31,Jyri Tapani Aalto,Finland,2000 Summer,2000,Summer
32,Minna Maarit Aalto,Finland,1996 Summer,1996,Summer
33,Minna Maarit Aalto,Finland,2000 Summer,2000,Summer
34,Pirjo Hannele Aalto (Mattila-),Finland,1994 Winter,1994,Winter
35,Arvo Ossian Aaltonen,Finland,1912 Summer,1912,Summer
36,Arvo Ossian Aaltonen,Finland,1912 Summer,1912,Summer
37,Arvo Ossian Aaltonen,Finland,1920 Summer,1920,Summer
38,Arvo Ossian Aaltonen,Finland,1920 Summer,1920,Summer
39,Arvo Ossian Aaltonen,Finland,1924 Summer,1924,Summer
40,Juhamatti Tapio Aaltonen,Finland,2014 Winter,2014,Winter
41,Paavo Johannes Aaltonen,Finland,1948 Summer,1948,Summer
42,Paavo Johannes Aaltonen,Finland,1948 Summer,1948,Summer
43,Paavo Johannes Aaltonen,Finland,1948 Summer,1948,Summer
44,Paavo Johannes Aaltonen,Finland,1948 Summer,1948,Summer
45,Paavo Johannes Aaltonen,Finland,1948 Summer,1948,Summer
46,Paavo Johannes Aaltonen,Finland,1948 Summer,1948,Summer
47,Paavo Johannes Aaltonen,Finland,1948 Summer,1948,Summer
48,Paavo Johannes Aaltonen,Finland,1948 Summer,1948,Summer
49,Paavo Johannes Aaltonen,Finland,1952 Summer,1952,Summer
50,Paavo Johannes Aaltonen,Finland,1952 Summer,1952,Summer
51,Paavo Johannes Aaltonen,Finland,1952 Summer,1952,Summer
52,Paavo Johannes Aaltonen,Finland,1952 Summer,1952,Summer
53,Paavo Johannes Aaltonen,Finland,1952 Summer,1952,Summer
54,Paavo Johannes Aaltonen,Finland,1952 Summer,1952,Summer
55,Paavo Johannes Aaltonen,Finland,1952 Summer,1952,Summer
56,Paavo Johannes Aaltonen,Finland,1952 Summer,1952,Summer
57,Timo Antero Aaltonen,Finland,2000 Summer,2000,Summer
58,Win Valdemar Aaltonen,Finland,1948 Summer,1948,Summer
59,Kjetil Andr Aamodt,Norway,1992 Winter,1992,Winter
60,Kjetil Andr Aamodt,Norway,1992 Winter,1992,Winter
61,Kjetil Andr Aamodt,Norway,1992 Winter,1992,Winter
62,Kjetil Andr Aamodt,Norway,1992 Winter,1992,Winter
63,Kjetil Andr Aamodt,Norway,1994 Winter,1994,Winter
64,Kjetil Andr Aamodt,Norway,1994 Winter,1994,Winter
65,Kjetil Andr Aamodt,Norway,1994 Winter,1994,Winter
66,Kjetil Andr Aamodt,Norway,1994 Winter,1994,Winter
67,Kjetil Andr Aamodt,Norway,1994 Winter,1994,Winter
68,Kjetil Andr Aamodt,Norway,1998 Winter,1998,Winter
69,Kjetil Andr Aamodt,Norway,1998 Winter,1998,Winter
70,Kjetil Andr Aamodt,Norway,1998 Winter,1998,Winter
71,Kjetil Andr Aamodt,Norway,1998 Winter,1998,Winter
72,Kjetil Andr Aamodt,Norway,2002 Winter,2002,Winter
73,Kjetil Andr Aamodt,Norway,2002 Winter,2002,Winter
74,Kjetil Andr Aamodt,Norway,2002 Winter,2002,Winter
75,Kjetil Andr Aamodt,Norway,2002 Winter,2002,Winter
76,Kjetil Andr Aamodt,Norway,2002 Winter,2002,Winter
77,Kjetil Andr Aamodt,Norway,2006 Winter,2006,Winter
78,Kjetil Andr Aamodt,Norway,2006 Winter,2006,Winter
79,Ragnhild Margrethe Aamodt,Norway,2008 Summer,2008,Summer
80,Andreea Aanei,Romania,2016 Summer,2016,Summer
81,Fritz Aanes,Norway,2000 Summer,2000,Summer
82,Fritz Aanes,Norway,2004 Summer,2004,Summer
83,Nils Egil Aaness,Norway,1960 Winter,1960,Winter
84,Nils Egil Aaness,Norway,1960 Winter,1960,Winter
85,Nils Egil Aaness,Norway,1964 Winter,1964,Winter
86,Alf Lied Aanning,Norway,1920 Summer,1920,Summer
87,Agnes Erika Aanonsen (-Eyde),Norway,1984 Winter,1984,Winter
88,Johan Aantjes,Netherlands,1984 Summer,1984,Summer
89,Jan-Erik Aarberg,Norway,1968 Summer,1968,Summer
90,Jan-Erik Aarberg,Norway,1972 Summer,1972,Summer
91,Willemien Aardenburg,Netherlands,1988 Summer,1988,Summer
92,Pepijn Aardewijn,Netherlands,1996 Summer,1996,Summer
93,Pepijn Aardewijn,Netherlands,2000 Summer,2000,Summer
94,Evald rma (rman-),Estonia,1936 Summer,1936,Summer
95,Olav Augunson Aarnes,Norway,1912 Summer,1912,Summer
96,Mika Lauri Aarnikka,Finland,1992 Summer,1992,Summer
97,Mika Lauri Aarnikka,Finland,1996 Summer,1996,Summer
98,Jamale (Djamel-) Aarrass (Ahrass-),France,2012 Summer,2012,Summer
99,Dagfinn Sverre Aarskog,Norway,1998 Winter,1998,Winter
100,Stefan Remco Aartsen,Netherlands,1996 Summer,1996,Summer
101,Stefan Remco Aartsen,Netherlands,1996 Summer,1996,Summer
102,Stefan Remco Aartsen,Netherlands,1996 Summer,1996,Summer
103,Stefan Remco Aartsen,Netherlands,2000 Summer,2000,Summer
104,Stefan Remco Aartsen,Netherlands,2000 Summer,2000,Summer
105,Ann Kristin Aarnes,Norway,1996 Summer,1996,Summer
106,Karl Jan Aas,Norway,1920 Summer,1920,Summer
107,Lars Thorlaksn Aas,Norway,1912 Summer,1912,Summer
108,Lars Thorlaksn Aas,Norway,1912 Summer,1912,Summer
109,Lars Thorlaksn Aas,Norway,1912 Summer,1912,Summer
110,Roald Edgar Aas,Norway,1952 Winter,1952,Winter
111,Roald Edgar Aas,Norway,1956 Winter,1956,Winter
112,Roald Edgar Aas,Norway,1956 Winter,1956,Winter
113,Roald Edgar Aas,Norway,1960 Winter,1960,Winter
114,Roald Edgar Aas,Norway,1960 Winter,1960,Winter
115,Roald Edgar Aas,Norway,1960 Winter,1960,Winter
116,Rolf Aas,Norway,1920 Summer,1920,Summer
117,Thomas Valentin Aas,Taifun,1912 Summer,1912,Summer
118,Morten Gjerdrum Aasen,Norway,1992 Summer,1992,Summer
119,Meelis Aasme,Estonia,1998 Winter,1998,Winter
120,Meelis Aasme,Estonia,1998 Winter,1998,Winter
121,Meelis Aasme,Estonia,2002 Winter,2002,Winter
122,Meelis Aasme,Estonia,2002 Winter,2002,Winter
123,Meelis Aasme,Estonia,2002 Winter,2002,Winter
124,Hakon Aasns,Norway,1936 Summer,1936,Summer
125,Hans Aasns,Norway,1936 Summer,1936,Summer
126,Hans Aasns,Norway,1948 Summer,1948,Summer
127,Hans Aasns,Norway,1952 Summer,1952,Summer
128,Hans Aasns,Norway,1956 Summer,1956,Summer
129,Hans Aasns,Norway,1960 Summer,1960,Summer
130,Erling Rudolf Aastad,Norway,1920 Summer,1920,Summer
131,Erling Rudolf Aastad,Norway,1920 Summer,1920,Summer
132,Erling Rudolf Aastad,Norway,1924 Summer,1924,Summer
133,Erling Rudolf Aastad,Norway,1928 Summer,1928,Summer
134,Abdelhak Aatakni,Morocco,2012 Summer,2012,Summer
135,Moonika Aava,Estonia,2004 Summer,2004,Summer
136,Moonika Aava,Estonia,2008 Summer,2008,Summer
137,Arvi Aavik,Estonia,1992 Summer,1992,Summer
138,Arvi Aavik,Estonia,1996 Summer,1996,Summer
139,Nstor Abad Sanjun,Spain,2016 Summer,2016,Summer
140,Nstor Abad Sanjun,Spain,2016 Summer,2016,Summer
141,Nstor Abad Sanjun,Spain,2016 Summer,2016,Summer
142,Nstor Abad Sanjun,Spain,2016 Summer,2016,Summer
143,Nstor Abad Sanjun,Spain,2016 Summer,2016,Summer
144,Nstor Abad Sanjun,Spain,2016 Summer,2016,Summer
145,Patrick Abada,France,1976 Summer,1976,Summer
146,Talaat Abada,Egypt,2000 Summer,2000,Summer
147,Mohamed Jamshid Abadi,Iran,1948 Summer,1948,Summer
148,Antonio Abadia Beci,Spain,2016 Summer,2016,Summer
149,Ren Abadie,France,1956 Summer,1956,Summer
150,Ren Abadie,France,1956 Summer,1956,Summer
151,Borislav Abadzhiev,Bulgaria,1988 Summer,1988,Summer
152,Georgi Abadzhiev,Bulgaria,1924 Summer,1924,Summer
153,Georgi Abadzhiev,Bulgaria,1924 Summer,1924,Summer
154,Ivan Nikolov Abadzhiev,Bulgaria,1956 Summer,1956,Summer
155,Ivan Nikolov Abadzhiev,Bulgaria,1960 Summer,1960,Summer
156,Mikhail Abadzhiev,Bulgaria,1960 Summer,1960,Summer
157,Stefan Abadzhiev,Bulgaria,1960 Summer,1960,Summer
158,Giovanni Abagnale,Italy,2016 Summer,2016,Summer
159,Jos Luis Abajo Gmez,Spain,2008 Summer,2008,Summer
160,M'Bairo Abakar,Chad,1992 Summer,1992,Summer
161,Patimat Abakarova,Azerbaijan,2016 Summer,2016,Summer
162,Mohamed Abakkar,Sudan,1972 Summer,1972,Summer
163,Mariya Vasilyevna Abakumova (-Tarabina),Russia,2008 Summer,2008,Summer
164,Mariya Vasilyevna Abakumova (-Tarabina),Russia,2012 Summer,2012,Summer
165,Pablo Martn Abal,Argentina,2000 Summer,2000,Summer
166,Pablo Martn Abal,Argentina,2000 Summer,2000,Summer
167,Tamara Abalde Daz,Spain,2008 Summer,2008,Summer
168,Jess Iory Aball Martnez,Cuba,2000 Summer,2000,Summer
169,Juan Antonio Aball Delgado,Cuba,1992 Summer,1992,Summer
170,Juan Antonio Aball Delgado,Cuba,1992 Summer,1992,Summer
171,Aleksey Aleksandrovich Abalmasov,Belarus,2004 Summer,2004,Summer
172,Aleksey Aleksandrovich Abalmasov,Belarus,2008 Summer,2008,Summer
173,Luc Abalo,France,2008 Summer,2008,Summer
174,Luc Abalo,France,2012 Summer,2012,Summer
175,Luc Abalo,France,2016 Summer,2016,Summer
176,Mara Laura Abalo,Argentina,2012 Summer,2012,Summer
177,Giorgos Abalof,Greece,2004 Summer,2004,Summer
178,Jouan Patrice Abanda Etong,Cameroon,2000 Summer,2000,Summer
179,Antoine Abang,Cameroon,1968 Summer,1968,Summer
180,Salim Abanoz,Turkey,1996 Summer,1996,Summer
181,Carlos Abarca Gonzlez,Chile,1924 Summer,1924,Summer
182,Jos Mara Abarca Plotas,Spain,1996 Summer,1996,Summer
183,Georgios Abaris,Greece,2004 Summer,2004,Summer
184,Enrique Abaroa Martnez,Mexico,2000 Summer,2000,Summer
185,Carlos Arturo Abarza Chavez,Chile,1992 Summer,1992,Summer
186,Stephen Anthony Abas,United States,2004 Summer,2004,Summer
187,Alejandro Abascal Garca,Spain,1976 Summer,1976,Summer
188,Alejandro Abascal Garca,Spain,1980 Summer,1980,Summer
189,Alejandro Abascal Garca,Spain,1984 Summer,1984,Summer
190,Jos Manuel Abascal Gmez,Spain,1980 Summer,1980,Summer
191,Jos Manuel Abascal Gmez,Spain,1984 Summer,1984,Summer
192,Rost'om Omeris dze Abashidze,Soviet Union,1964 Summer,1964,Summer
193,Nunu Dzhansuhivna Abashydze (-Myslaieva),Soviet Union,1980 Summer,1980,Summer
194,Rodrigo Abasolo,Chile,1984 Summer,1984,Summer
195,Tamila Rashidovna Abasova,Russia,2004 Summer,2004,Summer
196,Tamila Rashidovna Abasova,Russia,2004 Summer,2004,Summer
197,Emanuele Abate,Italy,2012 Summer,2012,Summer
198,Ignazio Abate,Italy,2008 Summer,2008,Summer
199,Jol Marc Abati,France,2004 Summer,2004,Summer
200,Jol Marc Abati,France,2008 Summer,2008,Summer
201,Ral Abatte,Chile,1984 Summer,1984,Summer
202,Georgia Abatzidou,Greece,2004 Summer,2004,Summer
203,Carlos Rodolfo Abaunza Balladares,Nicaragua,2004 Summer,2004,Summer
204,Carlos Alberto Abaunza,Nicaragua,1976 Summer,1976,Summer
205,Hctor Abaunza,Mexico,1968 Summer,1968,Summer
206,Hctor Abaunza,Mexico,1968 Summer,1968,Summer
207,Hctor Abaunza,Mexico,1968 Summer,1968,Summer
208,Pter Abay,Hungary,1992 Summer,1992,Summer
209,Oszkr Abay-Nemes,Hungary,1936 Summer,1936,Summer
210,Oszkr Abay-Nemes,Hungary,1936 Summer,1936,Summer
211,Adeyemi Abayomi,Nigeria,1972 Summer,1972,Summer
212,Sayed Fahmy Abaza,Egypt,1920 Summer,1920,Summer
213,Sayed Fahmy Abaza,Egypt,1928 Summer,1928,Summer
214,Silvano Abba,Italy,1936 Summer,1936,Summer
215,Gana Abba Kimet,Chad,1972 Summer,1972,Summer
216,Ilyas Abbadi,Algeria,2012 Summer,2012,Summer
217,Ilyas Abbadi,Algeria,2016 Summer,2016,Summer
218,Agostino Abbagnale,Italy,1988 Summer,1988,Summer
219,Agostino Abbagnale,Italy,1996 Summer,1996,Summer
220,Agostino Abbagnale,Italy,2000 Summer,2000,Summer
221,Carmine Abbagnale,Italy,1984 Summer,1984,Summer
222,Carmine Abbagnale,Italy,1988 Summer,1988,Summer
223,Carmine Abbagnale,Italy,1992 Summer,1992,Summer
224,Carmine Abbagnale,Italy,1996 Summer,1996,Summer
225,Giuseppe Abbagnale,Italy,1980 Summer,1980,Summer
226,Giuseppe Abbagnale,Italy,1984 Summer,1984,Summer
227,Giuseppe Abbagnale,Italy,1988 Summer,1988,Summer
228,Giuseppe Abbagnale,Italy,1992 Summer,1992,Summer
229,Abdul Latif Al-Sayed Abbas Youssef Hashem,Kuwait,1976 Summer,1976,Summer
230,Abdul Latif Al-Sayed Abbas Youssef Hashem,Kuwait,1976 Summer,1976,Summer
231,Abdul Latif Al-Sayed Abbas Youssef Hashem,Kuwait,1980 Summer,1980,Summer
232,Abubakar Abbas Abbas,Bahrain,2016 Summer,2016,Summer
233,Aqarab Abbas,Pakistan,1996 Summer,1996,Summer
234,Aziz Abbas,Iraq,1964 Summer,1964,Summer
235,Bassim Abbas Kati Al-Ogaili,Iraq,2004 Summer,2004,Summer
236,Essa Abbas Faleh Hashem,Kuwait,1980 Summer,1980,Summer
237,Ghulam Abbas,Pakistan,1992 Summer,1992,Summer
238,Hosni Mohamed Abbas,United Arab Republic,1960 Summer,1960,Summer
239,Hosni Mohamed Abbas,Egypt,1964 Summer,1964,Summer
240,Maher Abbas,Lebanon,1988 Summer,1988,Summer
241,Maher Abbas,Lebanon,1988 Summer,1988,Summer
242,Mahmoud Abbas,Egypt,2000 Summer,2000,Summer
243,Mohamed Fakhry Rifaat Abbas,Egypt,1952 Summer,1952,Summer
244,Mohammed Abbas Sabih,Iraq,2004 Summer,2004,Summer
245,Muhammad Abbas,Pakistan,2010 Winter,2010,Winter
246,Nader Sufyan Abbas,Qatar,2004 Summer,2004,Summer
247,Sohail Abbas,Pakistan,2000 Summer,2000,Summer
248,Sohail Abbas,Pakistan,2004 Summer,2004,Summer
249,Sohail Abbas,Pakistan,2012 Summer,2012,Summer
250,Youssef Mohamed Abbas,Egypt,1952 Summer,1952,Summer
251,Zulkifli Abbas,Malaysia,1984 Summer,1984,Summer
252,Forough Abbasi,Iran,2014 Winter,2014,Winter
253,Shakeel Abbasi,Pakistan,2004 Summer,2004,Summer
254,Shakeel Abbasi,Pakistan,2008 Summer,2008,Summer
255,Shakeel Abbasi,Pakistan,2012 Summer,2012,Summer
256,Soulmaz Abbasi Azad,Iran,2012 Summer,2012,Summer
257,Ruslan Abbasov,Azerbaijan,2008 Summer,2008,Summer
258,Tural Abbasov,Azerbaijan,2008 Summer,2008,Summer
259,Tran Abbasova,Azerbaijan,2000 Summer,2000,Summer
260,Simona Abbate,Italy,2012 Summer,2012,Summer
261,Franz Abb,Germany,1900 Summer,1900,Summer
262,Christian Abbiati,Italy,2000 Summer,2000,Summer
263,Lois Abbingh,Netherlands,2016 Summer,2016,Summer
264,Alessandro Abbio,Italy,2000 Summer,2000,Summer
265,Giordano Giulio Abbondati,Italy,1964 Winter,1964,Winter
266,Giordano Giulio Abbondati,Italy,1968 Winter,1968,Winter
267,Salwan Jasim Abbood Abbood,Iraq,2016 Summer,2016,Summer
268,"George ""Ioannis"" Abbot",Thessalonki-1,1906 Summer,1906,Summer
269,"William ""Bill"" Abbott Jr.",Canada,1996 Summer,1996,Summer
270,"William ""Bill"" Abbott Jr.",Canada,2000 Summer,2000,Summer
271,Clare Abbott,Ireland,2016 Summer,2016,Summer
272,Clare Abbott,Ireland,2016 Summer,2016,Summer
273,"David ""Dave"" Abbott",United States,1928 Summer,1928,Summer
274,"Desmond ""Des"" Abbott",Australia,2008 Summer,2008,Summer
275,Geoffrey Grant Abbott,South Africa,2008 Summer,2008,Summer
276,Jeremy Abbott,United States,2010 Winter,2010,Winter
277,Jeremy Abbott,United States,2014 Winter,2014,Winter
278,Jeremy Abbott,United States,2014 Winter,2014,Winter
279,Jeremy Abbott,Canada,1976 Summer,1976,Summer
280,Joanne Abbott,Canada,1996 Summer,1996,Summer
281,"Kathryn ""Katie"" Abbott",Canada,2008 Summer,2008,Summer
282,Mara Katherine Abbott,United States,2016 Summer,2016,Summer
283,Margaret Ives Abbott (-Dunne),United States,1900 Summer,1900,Summer
284,Mary Perkins Ives Abbott (Perkins-),United States,1900 Summer,1900,Summer
285,Matt Abbott,Canada,2000 Summer,2000,Summer
286,Monica Cecilia Abbott,United States,2008 Summer,2008,Summer
287,Khadija Abbouda,Morocco,2008 Summer,2008,Summer
288,Mohamed Ibrahim Abd El-Fatah Mohamed,Egypt,2000 Summer,2000,Summer
289,Mohamed Ibrahim Abd El-Fatah Mohamed,Egypt,2004 Summer,2004,Summer
290,Mohamed Ibrahim Abd El-Fatah Mohamed,Egypt,2012 Summer,2012,Summer
291,Mahmoud Abd El-Kader,Egypt,2008 Summer,2008,Summer
292,Mohamed Ibrahim Abd El-Salam,Egypt,2004 Summer,2004,Summer
293,Mohamed Ibrahim Abd El-Salam,Egypt,2008 Summer,2008,Summer
294,Noha Abd Rabo,Egypt,2008 Summer,2008,Summer
295,Reem Wa'il Abdalazem Abdalazem El-Bossaty,Egypt,2008 Summer,2008,Summer
296,Reem Wa'il Abdalazem Abdalazem El-Bossaty,Egypt,2008 Summer,2008,Summer
297,Reem Wa'il Abdalazem Abdalazem El-Bossaty,Egypt,2012 Summer,2012,Summer
298,Ali Abdalla Afringi,Eritrea,2008 Summer,2008,Summer
299,Hossam Abdalla,Egypt,2016 Summer,2016,Summer
300,Hosam Abdallah,Egypt,1992 Summer,1992,Summer
301,Hosam Abdallah,Egypt,1996 Summer,1996,Summer
302,Ismail Abdallah,United Arab Republic,1960 Summer,1960,Summer
303,Ismail Abdallah,United Arab Republic,1960 Summer,1960,Summer
304,Ismail Abdallah,United Arab Republic,1960 Summer,1960,Summer
305,Ismail Abdallah,United Arab Republic,1960 Summer,1960,Summer
306,Ismail Abdallah,United Arab Republic,1960 Summer,1960,Summer
307,Ismail Abdallah,United Arab Republic,1960 Summer,1960,Summer
308,Ismail Abdallah,United Arab Republic,1960 Summer,1960,Summer
309,Ismail Abdallah,United Arab Republic,1960 Summer,1960,Summer
310,Maged Abdallah,Egypt,1992 Summer,1992,Summer
311,Nia Nicole Abdallah,United States,2004 Summer,2004,Summer
312,Omari Abdallah,Tanzania,1964 Summer,1964,Summer
313,Omari Abdallah,Tanzania,1972 Summer,1972,Summer
314,Ould Lamine Abdallah,France,1952 Summer,1952,Summer
315,Younis Abdallah Rabee,Kuwait,1972 Summer,1972,Summer
316,Raida Abdallah Bader,Jordan,1984 Summer,1984,Summer
317,Maha Abdalsalam Gouda,Egypt,2016 Summer,2016,Summer
318,Mahmoud Abdel Aziz,Egypt,2000 Summer,2000,Summer
319,Mohamed Abdel Ellah,Egypt,2000 Summer,2000,Summer
320,Mohamed Abdel Fatah,Sudan,1972 Summer,1972,Summer
321,Ali Mohamed Badawi Abdel Fattah Badawi,United Arab Republic,1960 Summer,1960,Summer
322,Abdelgani Hassan Abdel Fattah,Egypt,1952 Summer,1952,Summer
323,Mahmoud Atter Abdel Fattah,United Arab Republic,1960 Summer,1960,Summer
324,Mohamed Abdel Fattah,Egypt,2000 Summer,2000,Summer
325,Sayed Abdel Gadir,Sudan,1960 Summer,1960,Summer
326,Sayed Abdel Gadir,Sudan,1968 Summer,1968,Summer
327,Ibrahim Saad Abdel Galil,Sudan,1972 Summer,1972,Summer
328,Ibrahim Saad Abdel Galil,Sudan,1972 Summer,1972,Summer
329,Heba Abdel Gawad,Egypt,2000 Summer,2000,Summer
330,Heba Abdel Gawad,Egypt,2004 Summer,2004,Summer
331,Sara Abdel Gawad,Egypt,2000 Summer,2000,Summer
332,Gamal Amin Abdel Ghani,Egypt,1992 Summer,1992,Summer
333,Abdel Sattar Abdel Hadj,United Arab Republic,1960 Summer,1960,Summer
334,Ragy Abdel Hady,Egypt,2004 Summer,2004,Summer
335,Osman Abdel Hafeez,Egypt,1948 Summer,1948,Summer
336,Osman Abdel Hafeez,Egypt,1948 Summer,1948,Summer
337,Osman Abdel Hafeez,Egypt,1948 Summer,1948,Summer
338,Osman Abdel Hafeez,Egypt,1952 Summer,1952,Summer
339,Osman Abdel Hafeez,Egypt,1952 Summer,1952,Summer
340,Mohamed Abdel Hafiz,United Arab Republic,1960 Summer,1960,Summer
341,Moustafa Ali Abdel Halim,Egypt,1976 Summer,1976,Summer
342,Mohamed Abdel Hamed,Egypt,1984 Summer,1984,Summer
343,Hwad Ibrahim Abdel Hamid Lumomba,Sudan,1968 Summer,1968,Summer
344,Ibrahim Abdel Hamid,Egypt,1948 Summer,1948,Summer
345,Tamer Mohamed Abdel Hamid,Egypt,1992 Summer,1992,Summer
346,Ahmed El-Sayed Abdel Hamid Mobarak,Egypt,1972 Summer,1972,Summer
347,Dorri Abdel Kader Said,Egypt,1948 Summer,1948,Summer
348,Dorri Abdel Kader Said,Egypt,1948 Summer,1948,Summer
349,Dorri Abdel Kader Said,Egypt,1948 Summer,1948,Summer
350,Dorri Abdel Kader Said,Egypt,1952 Summer,1952,Summer
351,Dorri Abdel Kader Said,Egypt,1952 Summer,1952,Summer
352,Dorri Abdel Kader Said,United Arab Republic,1960 Summer,1960,Summer
353,Moustafa Mounib Abdel Kader,United Arab Republic,1960 Summer,1960,Summer
354,Mohamed Ali Abdel Kerim,Egypt,1952 Summer,1952,Summer
355,Mohamed Ali Abdel Kerim,United Arab Republic,1960 Summer,1960,Summer
356,Mohamed Abdel Khaled,Tunisia,1976 Summer,1976,Summer
357,Abdel Latif Abdel Latif,Egypt,1988 Summer,1988,Summer
358,Walid Abdel Maksoud,Egypt,2008 Summer,2008,Summer
359,Amir Abdel Meguid,Egypt,1984 Summer,1984,Summer
360,Amir Abdel Meguid,Egypt,1988 Summer,1988,Summer
361,Mohamed Abdel Mohamed,Egypt,1992 Summer,1992,Summer
362,Karim Abdel Mohsen,Egypt,2004 Summer,2004,Summer
363,Awad Abdel Nabi Awad,Egypt,1972 Summer,1972,Summer
364,Awad Abdel Nabi Awad,Egypt,1976 Summer,1976,Summer
365,Ahmed Abdel Naeim,Egypt,2008 Summer,2008,Summer
366,Ahmed Abdel Naeim,Egypt,2016 Summer,2016,Summer
367,Moustafa Abdel Naser,Libya,1996 Summer,1996,Summer
368,Ali Abdel Radi,Egypt,1964 Summer,1964,Summer
369,Amin Abdel Rahman,United Arab Republic,1960 Summer,1960,Summer
370,Amin Abdel Rahman,Egypt,1964 Summer,1964,Summer
371,Mohamed Fathallah Abdel Rahman,Egypt,1936 Summer,1936,Summer
372,Mohamed Fathallah Abdel Rahman,Egypt,1948 Summer,1948,Summer
373,Mohamed Fathallah Abdel Rahman,Egypt,1948 Summer,1948,Summer
374,Mohamed Fathallah Abdel Rahman,Egypt,1952 Summer,1952,Summer
375,Mohamed Fathallah Abdel Rahman,Egypt,1952 Summer,1952,Summer
376,Mohamed Fathallah Abdel Rahman,Egypt,1952 Summer,1952,Summer
377,Mohamed Fathallah Abdel Rahman,Egypt,1952 Summer,1952,Summer
378,Fathi Ali Abdel Rahman,Egypt,1952 Summer,1952,Summer
379,Ibrahim Abdel Rahman,United Arab Republic,1960 Summer,1960,Summer
380,Khaled Abdel Rahman,Egypt,1984 Summer,1984,Summer
381,Sameh Abdel Rahman,United Arab Republic,1960 Summer,1960,Summer
382,Sameh Abdel Rahman,Egypt,1964 Summer,1964,Summer
383,Sameh Abdel Rahman,Egypt,1964 Summer,1964,Summer
384,Yasser Abdel Rahman Sakr,Egypt,2008 Summer,2008,Summer
385,Samy Abdel Razek,Egypt,2008 Summer,2008,Summer
386,Samy Abdel Razek,Egypt,2016 Summer,2016,Summer
387,Samy Abdel Razek,Egypt,2016 Summer,2016,Summer
388,Mohamed Youssef Abdel Razik,Egypt,1992 Summer,1992,Summer
389,Ibrahim Ahmed Abdel Rehim,Egypt,2004 Summer,2004,Summer
390,Kamal Abdel Rehim,Egypt,2000 Summer,2000,Summer
391,Reskalla Mohamed Abdel Rehim,Egypt,2000 Summer,2000,Summer
392,Ahmed Ali Abdel Samad,Egypt,2000 Summer,2000,Summer
393,Ali Abdel Sami,Egypt,1964 Summer,1964,Summer
394,Mohamed Abdel Sami,United Arab Republic,1960 Summer,1960,Summer
395,Sameh Abdel Waress Muhammad,Egypt,1996 Summer,1996,Summer
396,Mohamed Said Abdel Wehab,Egypt,1976 Summer,1976,Summer
397,Mahmoud Abdel-Aal,Egypt,1948 Summer,1948,Summer
398,Mahmoud Abdel-Aal,Egypt,1948 Summer,1948,Summer
399,Mahmoud Abdel-Aal,Egypt,1948 Summer,1948,Summer
400,Mahmoud Abdel-Aal,Egypt,1948 Summer,1948,Summer
401,Mahmoud Abdel-Aal,Egypt,1948 Summer,1948,Summer
402,Mahmoud Abdel-Aal,Egypt,1948 Summer,1948,Summer
403,Mahmoud Abdel-Aal,Egypt,1948 Summer,1948,Summer
404,Mahmoud Abdel-Aal,Egypt,1948 Summer,1948,Summer
405,Mohamed Abdel-El,Egypt,1948 Summer,1948,Summer
406,Shaimaa Abdel-Latif-Hashad,Egypt,2004 Summer,2004,Summer
407,Shaimaa Abdel-Latif-Hashad,Egypt,2008 Summer,2008,Summer
408,Shaimaa Abdel-Latif-Hashad,Egypt,2016 Summer,2016,Summer
409,Sanad Bushara Abdel-Nadif,Sudan,1972 Summer,1972,Summer
410,Ahmed Abdelaal,Egypt,2016 Summer,2016,Summer
411,Mahmoud Abdelaal,Egypt,2016 Summer,2016,Summer
412,Mohamed Ali Abdelaal,Egypt,2016 Summer,2016,Summer
413,Moustafa Abdelal,Egypt,1948 Summer,1948,Summer
414,Moustafa Abdelal,Egypt,1948 Summer,1948,Summer
415,Moustafa Abdelal,Egypt,1948 Summer,1948,Summer
416,Moustafa Abdelal,Egypt,1948 Summer,1948,Summer
417,Moustafa Abdelal,Egypt,1948 Summer,1948,Summer
418,Moustafa Abdelal,Egypt,1948 Summer,1948,Summer
419,Moustafa Abdelal,Egypt,1948 Summer,1948,Summer
420,Moustafa Abdelal,Egypt,1948 Summer,1948,Summer
421,Mahmod Abdelaly,Egypt,2008 Summer,2008,Summer
422,Ibrahim Ramadan Ibrahim Abdelbaki,Egypt,2012 Summer,2012,Summer
423,Ibrahim Ramadan Ibrahim Abdelbaki,Egypt,2016 Summer,2016,Summer
424,Aziza Abdelfattah,Egypt,2008 Summer,2008,Summer
425,Abdalla Abdelgadir El-Sheikh,Sudan,2008 Summer,2008,Summer
426,Magdi Abdelghani Sayed Ahmed,Egypt,1984 Summer,1984,Summer
427,Ragab Abdelhay Saad Abdelrazek Abdallah,Egypt,2012 Summer,2012,Summer
428,Ragab Abdelhay Saad Abdelrazek Abdallah,Egypt,2016 Summer,2016,Summer
429,Ben Ahmed Abdelkrim,France,1952 Summer,1952,Summer
430,Mohamed Abdellah,Egypt,2004 Summer,2004,Summer
431,Mohamed Abdellah,Egypt,2008 Summer,2008,Summer
432,Ayoub Abdellaoui,Algeria,2016 Summer,2016,Summer
433,Leila Abdelmoez,Egypt,2016 Summer,2016,Summer
434,Sayed Abdelmonem Sayed Hamed,Egypt,2012 Summer,2012,Summer
435,Ahmed Abdelrahman,Egypt,2016 Summer,2016,Summer
436,Ihab Abdelrahman El-Sayed Abdelrahman,Egypt,2012 Summer,2012,Summer
437,Raouf Abdelraouf,Egypt,2000 Summer,2000,Summer
438,Raouf Abdelraouf,Egypt,2000 Summer,2000,Summer
439,Raouf Abdelraouf,Egypt,2000 Summer,2000,Summer
440,Raouf Abdelraouf,Egypt,2000 Summer,2000,Summer
441,Raouf Abdelraouf,Egypt,2000 Summer,2000,Summer
442,Abouelfetoh Abdelrazek,Egypt,2008 Summer,2008,Summer
443,Mamdouh Abdelrehim,Egypt,2016 Summer,2016,Summer
444,El-Hachemi Abdenouz,Algeria,1980 Summer,1980,Summer
445,Rda Abdenouz,Algeria,1988 Summer,1988,Summer
446,Rda Abdenouz,Algeria,1992 Summer,1992,Summer
447,Mouni Abderrahim,Algeria,2008 Summer,2008,Summer
448,Mouni Abderrahim,Algeria,2012 Summer,2012,Summer
449,Saeid Morad Abdevali,Iran,2012 Summer,2012,Summer
450,Saeid Morad Abdevali,Iran,2016 Summer,2016,Summer
451,Bashir Abdi,Belgium,2016 Summer,2016,Summer
452,Bashir Abdi,Belgium,2016 Summer,2016,Summer
453,Youcef Abdi,Australia,2008 Summer,2008,Summer
454,Youcef Abdi,Australia,2012 Summer,2012,Summer
455,Jamal Abdi Hassan Abdullah,Qatar,1992 Summer,1992,Summer
456,Jamal Abdi Hassan Abdullah,Qatar,1996 Summer,1996,Summer
457,Talal Omar Abdillahi,Djibouti,1988 Summer,1988,Summer
458,Talal Omar Abdillahi,Djibouti,1992 Summer,1992,Summer
459,Mahmoud Ahmed Abdin,Egypt,1928 Summer,1928,Summer
460,Mahmoud Ahmed Abdin,Egypt,1928 Summer,1928,Summer
461,Mahmoud Ahmed Abdin,Egypt,1936 Summer,1936,Summer
462,Mahmoud Ahmed Abdin,Egypt,1936 Summer,1936,Summer
463,Mahmoud Ahmed Abdin,Egypt,1936 Summer,1936,Summer
464,Mahmoud Ahmed Abdin,Egypt,1936 Summer,1936,Summer
465,Mahmoud Ahmed Abdin,Egypt,1948 Summer,1948,Summer
466,"Abdihakim ""Abdi"" Abdirahman",United States,2000 Summer,2000,Summer
467,"Abdihakim ""Abdi"" Abdirahman",United States,2004 Summer,2004,Summer
468,"Abdihakim ""Abdi"" Abdirahman",United States,2008 Summer,2008,Summer
469,"Abdihakim ""Abdi"" Abdirahman",United States,2012 Summer,2012,Summer
470,Ali Abdo,Australia,2000 Summer,2000,Summer
471,Ali Abdo,Australia,2004 Summer,2004,Summer
472,Ali Abdo,Australia,2008 Summer,2008,Summer
473,Hamza Abdo,Palestine,2008 Summer,2008,Summer
474,Reema Abdo,Canada,1984 Summer,1984,Summer
475,Reema Abdo,Canada,1984 Summer,1984,Summer
476,Reema Abdo,Canada,1984 Summer,1984,Summer
477,Ahmed Abdo Mustafa,Sudan,1972 Summer,1972,Summer
478,Nasrollah Abdollahi,Iran,1976 Summer,1976,Summer
479,Yhyacinthe Mewoli Abdon,Cameroon,2012 Summer,2012,Summer
480,Hassane Abdou,Comoros,1996 Summer,1996,Summer
481,Justin Abdou,Canada,2000 Summer,2000,Summer
482,Moustafa Ahmed Ismail Abdou Ali Arfah,Egypt,1984 Summer,1984,Summer
483,Raouf Abdou,Egypt,2004 Summer,2004,Summer
484,Mohamed Abdou El-Souad,Egypt,1988 Summer,1988,Summer
485,Mohamed Abdou El-Souad,Egypt,1988 Summer,1988,Summer
486,Mohamed Abdou El-Souad,Egypt,1992 Summer,1992,Summer
487,Mohamed Abdou El-Souad,Egypt,1992 Summer,1992,Summer
488,Brahim Daoud Abdoulaye,Chad,1996 Summer,1996,Summer
489,Fawziya Abdoulkarim,Cameroon,2016 Summer,2016,Summer
490,Alaa El-Din Abdoun,Egypt,1988 Summer,1988,Summer
491,Ibrahim Abdrabbou,Egypt,1952 Summer,1952,Summer
492,Berik Abdrakhmanov,Kazakhstan,2016 Summer,2016,Summer
493,Maizurah Abdul Rahim,Brunei,2016 Summer,2016,Summer
494,Mehdi Fahim Abdul Al-Sada,Iraq,1980 Summer,1980,Summer
495,Bashir Abdullah Abdul Aziz,Kuwait,2000 Summer,2000,Summer
496,Chairil Anwar Abdul Aziz,Malaysia,1996 Summer,1996,Summer
497,Chairil Anwar Abdul Aziz,Malaysia,2000 Summer,2000,Summer
498,Shaimaa Abdul Aziz,Egypt,2000 Summer,2000,Summer
499,Shaimaa Abdul Aziz,Egypt,2000 Summer,2000,Summer
500,Shaimaa Abdul Aziz,Egypt,2008 Summer,2008,Summer
501,Mohamed Abdul Hadj,Malaysia,1992 Summer,1992,Summer
502,Jefri Kiko Bolkiah Abdul Hakeem,Brunei,1996 Summer,1996,Summer
503,Jefri Kiko Bolkiah Abdul Hakeem,Brunei,2000 Summer,2000,Summer
504,Mohamed Abdul Hamid,Sudan,2000 Summer,2000,Summer
505,S. Abdul Hamid,India,1928 Summer,1928,Summer
506,S. Abdul Hamid,India,1928 Summer,1928,Summer
507,Hadi Abdul Jabbar,Iraq,1960 Summer,1960,Summer
508,Hadi Abdul Jabbar,Iraq,1964 Summer,1964,Summer
509,Mohamed Abed Abdul Jawad,Saudi Arabia,1984 Summer,1984,Summer
510,Anouar Abdul Kader,Syria,1980 Summer,1980,Summer
511,Talal Hassoun Abdul Kader,Iraq,1980 Summer,1980,Summer
512,Abdul Aziz Hassan Al-Hadba Abdul Karim Abdul Kareem,Kuwait,1976 Summer,1976,Summer
513,Abdul Aziz Hassan Al-Hadba Abdul Karim Abdul Kareem,Kuwait,1976 Summer,1976,Summer
514,Taha Abdul Karim,Iraq,1960 Summer,1960,Summer
515,Masoud Abdul Khamis Al-Rahman,Qatar,1992 Summer,1992,Summer
516,Abdul Haji Abdul Latheef,Maldives,1988 Summer,1988,Summer
517,Fatima Abdul Majeed Hameed Al-Kirashi,Bahrain,2000 Summer,2000,Summer
518,Majed Ahmed Abdul Mohamed,Saudi Arabia,1984 Summer,1984,Summer
519,Firouz Abdul Mohammadian,Iran,1976 Summer,1976,Summer
520,Hussam Abdul Rahman,Jordan,1984 Summer,1984,Summer
521,Mohamed Ghulom Abdul Rahman,Bahrain,1984 Summer,1984,Summer
522,Suleman Abdul Rahman,Ethiopia,1972 Summer,1972,Summer
523,Zambrose Abdul Rahman,Malaysia,1968 Summer,1968,Summer
524,Lala Abdul Rashid,Pakistan,1960 Summer,1960,Summer
525,Muhammad Abdul Rashid,Pakistan,1964 Summer,1964,Summer
526,Dana Abdul Razak (Hussain-),Iraq,2008 Summer,2008,Summer
527,Dana Abdul Razak (Hussain-),Iraq,2012 Summer,2012,Summer
528,A. Abdul Razzak,Iraq,1960 Summer,1960,Summer
529,A. Abdul Razzak,Iraq,1960 Summer,1960,Summer
530,Mohamed Abdul Razzak,Iraq,1960 Summer,1960,Summer
531,Muhammad Abdul Razzaq,Pakistan,1948 Summer,1948,Summer
532,Hazim Abdul Ridha,Iraq,1980 Summer,1980,Summer
533,Rauf Abdul Seoud,Egypt,1936 Summer,1936,Summer
534,Rauf Abdul Seoud,Egypt,1948 Summer,1948,Summer
535,Samir Ahmed Abdul Shakour,Saudi Arabia,1984 Summer,1984,Summer
536,Nabil Abdul Tahlak,United Arab Emirates,1996 Summer,1996,Summer
537,Fahmi Ahmed Abdul Wahab Al-Tahri,North Yemen,1988 Summer,1988,Summer
538,Mohamed Abdul Wahab Al-Salah,Kuwait,1980 Summer,1980,Summer
539,Mohamed Abdul Wahab Al-Salah,Kuwait,1980 Summer,1980,Summer
540,Qazi Abdul Waheed,Pakistan,1952 Summer,1952,Summer
541,Patmawati Abdul Wahid,Indonesia,2004 Summer,2004,Summer
542,Haidar Abdul-Amir Hassan,Iraq,2004 Summer,2004,Summer
543,Haidar Abdul-Razzaq Hassan,Iraq,2004 Summer,2004,Summer
544,"Lawal Kolawole ""Kola"" Abdulai",Nigeria,1968 Summer,1968,Summer
545,"Lawal Kolawole ""Kola"" Abdulai",Nigeria,1968 Summer,1968,Summer
546,"Lawal Kolawole ""Kola"" Abdulai",Nigeria,1972 Summer,1972,Summer
547,"Lawal Kolawole ""Kola"" Abdulai",Nigeria,1972 Summer,1972,Summer
548,"Rukayatu ""Ruky"" Abdulai",Canada,2008 Summer,2008,Summer
549,Mona Ahmad Abdulaziz Hassanein,Egypt,2012 Summer,2012,Summer
550,Zagalav Abdulbekovich Abdulbekov,Soviet Union,1972 Summer,1972,Summer
551,Roosevelt M. Abdulgafur,Philippines,1968 Summer,1968,Summer
552,Roosevelt M. Abdulgafur,Philippines,1968 Summer,1968,Summer
553,Roosevelt M. Abdulgafur,Philippines,1968 Summer,1968,Summer
554,Roosevelt M. Abdulgafur,Philippines,1968 Summer,1968,Summer
555,Roosevelt M. Abdulgafur,Philippines,1968 Summer,1968,Summer
556,Ahmed Abdulkareem Ahmed,Iraq,2012 Summer,2012,Summer
557,Gamal Ahmed Abdulla,Egypt,1992 Summer,1992,Summer
558,Mohamed Sayed Abdulla,Egypt,1992 Summer,1992,Summer
559,Ahmad Hassan Abdullah,Qatar,2008 Summer,2008,Summer
560,Ahmed Ghanim Abdullah,Egypt,1988 Summer,1988,Summer
561,Aquil Hashim Abdullah (Shumate-),United States,2004 Summer,2004,Summer
562,Atallah Abdullah,Iraq,1992 Summer,1992,Summer
563,Magdy Ahmed Abdullah,Egypt,1992 Summer,1992,Summer
564,Mohamed Abdullah,United Arab Emirates,1988 Summer,1988,Summer
565,Mohamed Abdullah,United Arab Emirates,1988 Summer,1988,Summer
566,Mohamed Abdullah,United Arab Emirates,1988 Summer,1988,Summer
567,Mohamed Abdullah,United Arab Emirates,1988 Summer,1988,Summer
568,Mohamed Abdullah,United Arab Emirates,1988 Summer,1988,Summer
569,Mohamed Abdullah,United Arab Emirates,1988 Summer,1988,Summer
570,Mohamed Samy Abdullah,United Arab Emirates,1984 Summer,1984,Summer
571,Mohamed Abdullah,Iraq,1960 Summer,1960,Summer
572,Osama Abdullah,Kuwait,1992 Summer,1992,Summer
573,Tewfik Abdullah,Egypt,1920 Summer,1920,Summer
574,Wan Azlan Abdullah,Malaysia,1996 Summer,1996,Summer
575,Wan Azlan Abdullah,Malaysia,1996 Summer,1996,Summer
576,Wan Azlan Abdullah,Malaysia,1996 Summer,1996,Summer
577,Wan Azlan Abdullah,Malaysia,2000 Summer,2000,Summer
578,Zarinah Abdullah,Singapore,1992 Summer,1992,Summer
579,Zarinah Abdullah,Singapore,1996 Summer,1996,Summer
580,Abdel Wahab Abdullah Salih,Sudan,1968 Summer,1968,Summer
581,Abdel Wahab Abdullah Salih,Sudan,1972 Summer,1972,Summer
582,Abubakar Sadiq Abdullahi,Nigeria,1988 Summer,1988,Summer
583,Abdulqdir Abdullayev,Azerbaijan,2016 Summer,2016,Summer
584,Arif Yadulla Abdullayev,Azerbaijan,1996 Summer,1996,Summer
585,Arif Yadulla Abdullayev,Azerbaijan,2000 Summer,2000,Summer
586,Mukhammad Kadyr Abdullayev,Uzbekistan,1996 Summer,1996,Summer
587,Mukhammad Kadyr Abdullayev,Uzbekistan,2000 Summer,2000,Summer
588,Muminzhon Abdullayev,Uzbekistan,2012 Summer,2012,Summer
589,Muminzhon Abdullayev,Uzbekistan,2016 Summer,2016,Summer
590,Namiq Yadulla Abdullayev,Azerbaijan,1996 Summer,1996,Summer
591,Namiq Yadulla Abdullayev,Azerbaijan,2000 Summer,2000,Summer
592,Namiq Yadulla Abdullayev,Azerbaijan,2004 Summer,2004,Summer
593,Laye Abdullayeva,Azerbaijan,2012 Summer,2012,Summer
594,lqar Abdulov,Azerbaijan,2008 Summer,2008,Summer
595,Abdullah Abdulrahman Zeyab,Kuwait,1972 Summer,1972,Summer
596,Abir Abdulrahman Khalil Mahmoud Khalil,Egypt,2008 Summer,2008,Summer
597,Abir Abdulrahman Khalil Mahmoud Khalil,Egypt,2012 Summer,2012,Summer
598,Amer Abdulrahman Abdallah Hussain Al-Hammadi,United Arab Emirates,2012 Summer,2012,Summer
599,Omar Abdulrahman Ahmad Al-Raaqi Al-Amoudi,United Arab Emirates,2012 Summer,2012,Summer
600,Shaza Yahia Nazih Abdulrahman El-Sayed,Egypt,2008 Summer,2008,Summer
601,Shaza Yahia Nazih Abdulrahman El-Sayed,Egypt,2012 Summer,2012,Summer
602,Shaza Yahia Nazih Abdulrahman El-Sayed,Egypt,2012 Summer,2012,Summer
603,Najim Abdulrazak Al-Enazy,Kuwait,1980 Summer,1980,Summer
604,Zeyad Abdulrazak Al-Khudhur Al-Enazy,Kuwait,1988 Summer,1988,Summer
605,Zeyad Abdulrazak Al-Khudhur Al-Enazy,Kuwait,1992 Summer,1992,Summer
606,Waheed Abdulridha Waheed Karaawi,Iraq,2016 Summer,2016,Summer
607,Mohamed Abdultwab Ibrahim Abd El-Baki,Egypt,2008 Summer,2008,Summer
608,Mohamed Abdultwab Ibrahim Abd El-Baki,Egypt,2012 Summer,2012,Summer
609,Julius Shareef Abdur-Rahim,United States,2000 Summer,2000,Summer
610,Sherzod Abdurahmonov,Uzbekistan,2004 Summer,2004,Summer
611,Rasul Abduraim,Kyrgyzstan,2008 Summer,2008,Summer
612,Rasul Abduraim,Kyrgyzstan,2012 Summer,2012,Summer
613,Bekzod Makhamadzhonovich Abdurakhmonov,Uzbekistan,2016 Summer,2016,Summer
614,Mukhamadmurod Abdurakhmonov,Tajikistan,2016 Summer,2016,Summer
615,Adlan Aliyevich Abdurashidov,Russia,2016 Summer,2016,Summer
616,Yusup Abdusalomov,Tajikistan,2004 Summer,2004,Summer
617,Yusup Abdusalomov,Tajikistan,2008 Summer,2008,Summer
618,Yusup Abdusalomov,Tajikistan,2012 Summer,2012,Summer
619,Fawzi Abdussalam,Libya,1980 Summer,1980,Summer
620,Andrey Khakimovich Abduvaliyev,Unified Team,1992 Summer,1992,Summer
621,Andrey Khakimovich Abduvaliyev,Uzbekistan,2000 Summer,2000,Summer
622,Dzhamolidin Mirgarifanovich Abduzhaparov,Soviet Union,1988 Summer,1988,Summer
623,Dzhamolidin Mirgarifanovich Abduzhaparov,Uzbekistan,1996 Summer,1996,Summer
624,Aybek Abdymomunov,Kyrgyzstan,2004 Summer,2004,Summer
625,Isao Ko Abe,Japan,1936 Summer,1936,Summer
626,Kazumi Abe,Japan-1,1972 Winter,1972,Winter
627,Kazumi Abe,Japan-1,1972 Winter,1972,Winter
628,Kazumi Abe,Japan-1,1976 Winter,1976,Winter
629,Kazumi Abe,Japan,1976 Winter,1976,Winter
630,Kazuo Abe,Japan,1960 Summer,1960,Summer
631,Kinya Abe,Japan,1992 Summer,1992,Summer
632,Kiyoshi Abe,Japan,1972 Summer,1972,Summer
633,Masashi Abe,Japan,1988 Winter,1988,Winter
634,Masashi Abe,Japan,1988 Winter,1988,Winter
635,Masashi Abe,Japan,1992 Winter,1992,Winter
636,Masashi Abe,Japan,1994 Winter,1994,Winter
637,Masashi Abe,Japan,1994 Winter,1994,Winter
638,Naoki Abe,Japan,1968 Summer,1968,Summer
639,Naoki Abe,Japan,1968 Summer,1968,Summer
640,Osamu Abe,Japan,1936 Summer,1936,Summer
641,Shigeaki Abe,Japan,1972 Summer,1972,Summer
642,Shigeaki Abe,Japan,1976 Summer,1976,Summer
643,Shinnosuke Abe,Japan,2000 Summer,2000,Summer
644,Shinnosuke Abe,Japan,2008 Summer,2008,Summer
645,"Sanshiro ""Sonny"" Abe",Japan,1996 Summer,1996,Summer
646,Tadashi Abe,Japan,1984 Summer,1984,Summer
647,Tadashi Abe,Japan,1988 Summer,1988,Summer
648,Tadashi Abe,Japan,1992 Summer,1992,Summer
649,Tadatoshi Abe,Japan,1960 Summer,1960,Summer
650,Wakako Abe,Japan,1984 Summer,1984,Summer
651,Yoshiyuki Abe,Japan,2000 Summer,2000,Summer
652,Yuki Abe,Japan,2004 Summer,2004,Summer
653,Angelik Abebame,Congo (Brazzaville),1980 Summer,1980,Summer
654,Addis Abebe,Ethiopia,1992 Summer,1992,Summer
655,Addis Abebe,Ethiopia,1992 Summer,1992,Summer
656,Biruk Abebe,Ethiopia,1992 Summer,1992,Summer
657,Biruk Abebe,Ethiopia,1992 Summer,1992,Summer
658,Benaissa Abed,Algeria,1988 Summer,1988,Summer
659,Soha Abed Elaal,Egypt,2008 Summer,2008,Summer
660,Mojtaba Abedini Shormasti,Iran,2012 Summer,2012,Summer
661,Mojtaba Abedini Shormasti,Iran,2016 Summer,2016,Summer
662,Thophile Abega Mbida,Cameroon,1984 Summer,1984,Summer
663,"Max ""Xam"" Abegglen",Switzerland,1924 Summer,1924,Summer
664,"Max ""Xam"" Abegglen",Switzerland,1928 Summer,1928,Summer
665,Alexandre Abeid,Brazil,1972 Summer,1972,Summer
666,Alexandre Abeid,Brazil,1976 Summer,1976,Summer
667,Sonia Abejn Esteban,Spain,2004 Summer,2004,Summer
668,Abel Carlos da Silva Braga,Brazil,1972 Summer,1972,Summer
669,Adolf Gaston Abel,Germany,1928 Summer,1928,Summer
670,Adolf Gaston Abel,Germany,1928 Summer,1928,Summer
671,Brooke Abel,United States,2008 Summer,2008,Summer
672,Clarence John Abel,United States,1924 Winter,1924,Winter
673,George Gordon Abel,Canada,1952 Winter,1952,Winter
674,Gnther Abel,West Germany,1976 Winter,1976,Winter
675,Gnther Abel,West Germany,1980 Winter,1980,Winter
676,Irene Abel,East Germany,1972 Summer,1972,Summer
677,Irene Abel,East Germany,1972 Summer,1972,Summer
678,Irene Abel,East Germany,1972 Summer,1972,Summer
679,Irene Abel,East Germany,1972 Summer,1972,Summer
680,Irene Abel,East Germany,1972 Summer,1972,Summer
681,Irene Abel,East Germany,1972 Summer,1972,Summer
682,Jennifer Abel,Canada,2008 Summer,2008,Summer
683,Jennifer Abel,Canada,2012 Summer,2012,Summer
684,Jennifer Abel,Canada,2012 Summer,2012,Summer
685,Jennifer Abel,Canada,2016 Summer,2016,Summer
686,Jennifer Abel,Canada,2016 Summer,2016,Summer
687,Katja Abel,Germany,2008 Summer,2008,Summer
688,Katja Abel,Germany,2008 Summer,2008,Summer
689,Katja Abel,Germany,2008 Summer,2008,Summer
690,Katja Abel,Germany,2008 Summer,2008,Summer
691,Katja Abel,Germany,2008 Summer,2008,Summer
692,Mara Abel Diguez,Spain,2000 Summer,2000,Summer
693,Mara Abel Diguez,Spain,2004 Summer,2004,Summer
694,Roger Abel,Monaco,1924 Summer,1924,Summer
695,Roger Abel,Monaco,1936 Summer,1936,Summer
696,Roger Abel,Monaco,1936 Summer,1936,Summer
697,Roger Abel,Monaco,1948 Summer,1948,Summer
698,Roger Abel,Monaco,1952 Summer,1952,Summer
699,Roger Abel,Monaco,1952 Summer,1952,Summer
700,Egil Sten Abel,Fornebo,1920 Summer,1920,Summer
701,Yaritza Abel Rojas,Cuba,2012 Summer,2012,Summer
702,Abelardo Fernndez Antua,Spain,1992 Summer,1992,Summer
703,Arthur Abele,Germany,2008 Summer,2008,Summer
704,Arthur Abele,Germany,2016 Summer,2016,Summer
705,Ruth Abeles,Israel,1960 Summer,1960,Summer
706,Ruth Abeles,Israel,1960 Summer,1960,Summer
707,Ruth Abeles,Israel,1960 Summer,1960,Summer
708,Ruth Abeles,Israel,1960 Summer,1960,Summer
709,Ruth Abeles,Israel,1960 Summer,1960,Summer
710,"Louis Grenville ""Lou"" Abell",Vesper Boat Club,1900 Summer,1900,Summer
711,"Louis Grenville ""Lou"" Abell",Vesper Boat Club,1904 Summer,1904,Summer
712,Jos Javier Abella Fanjul,Mexico,2016 Summer,2016,Summer
713,Ramn Neptuno Abella Caside,Uruguay,1948 Summer,1948,Summer
714,Ral Daniel Abella,Argentina,1980 Winter,1980,Winter
715,Ral Daniel Abella,Argentina,1980 Winter,1980,Winter
716,Ral Daniel Abella,Argentina,1980 Winter,1980,Winter
717,Alfonso Abelln Lpez,Spain,1988 Summer,1988,Summer
718,Juan Luis Abelln Pallahi,Spain,1952 Summer,1952,Summer
719,Edwige Marie Abna Fouda,Cameroon,1996 Summer,1996,Summer
720,Gezahgne Abera,Ethiopia,2000 Summer,2000,Summer
721,Tesfaye Abera Dibaba,Ethiopia,2016 Summer,2016,Summer
722,Hugo Ral Aberastegui,Argentina,1968 Summer,1968,Summer
723,Hugo Ral Aberastegui,Argentina,1972 Summer,1972,Summer
724,Hugo Ral Aberastegui,Argentina,1976 Summer,1976,Summer
725,Arvid berg,Sweden,1912 Summer,1912,Summer
726,Bjrn Olof Conny berg,Sweden,1992 Winter,1992,Winter
727,Nils Georg berg,Sweden,1912 Summer,1912,Summer
728,Nils Georg berg,Sweden,1912 Summer,1912,Summer
729,Sara Helena berg,Sweden,1988 Summer,1988,Summer
730,Karl Konrad berg,Finland,1912 Summer,1912,Summer
731,Majken berg,Sweden,1948 Summer,1948,Summer
732,"Olof Viktor ""Olle"" berg",Sweden,1952 Summer,1952,Summer
733,Mohamed Aberhoune,Morocco,2012 Summer,2012,Summer
734,"Julianne ""Anne"" Abernathy",United States Virgin Islands,1988 Winter,1988,Winter
735,"Julianne ""Anne"" Abernathy",United States Virgin Islands,1992 Winter,1992,Winter
736,"Julianne ""Anne"" Abernathy",United States Virgin Islands,1994 Winter,1994,Winter
737,"Julianne ""Anne"" Abernathy",United States Virgin Islands,1998 Winter,1998,Winter
738,"Julianne ""Anne"" Abernathy",United States Virgin Islands,2002 Winter,2002,Winter
739,Michael Brent Abernathy,United States,2000 Summer,2000,Summer
740,Moira Abernethy (-Ford),South Africa,1956 Summer,1956,Summer
741,Moira Abernethy (-Ford),South Africa,1956 Summer,1956,Summer
742,Salim Abes,Algeria,1996 Summer,1996,Summer
743,Edme Abetel (-Barr),Switzerland,1952 Winter,1952,Winter
744,Pasqualino Abeti,Italy,1972 Summer,1972,Summer
745,Elvan Abeylegesse,Turkey,2004 Summer,2004,Summer
746,Elvan Abeylegesse,Turkey,2004 Summer,2004,Summer
747,Elvan Abeylegesse,Turkey,2008 Summer,2008,Summer
748,Elvan Abeylegesse,Turkey,2008 Summer,2008,Summer
749,Ruwani Abeymanne,Sri Lanka,2000 Summer,2000,Summer
750,Ruwani Abeymanne,Sri Lanka,2000 Summer,2000,Summer
751,Matthew Duncan Abeysinghe,Sri Lanka,2016 Summer,2016,Summer
752,Narek Abgaryan,Armenia,2016 Summer,2016,Summer
753,Koutoua Francis Abia,Cote d'Ivoire,1992 Summer,1992,Summer
754,Koutoua Francis Abia,Cote d'Ivoire,1996 Summer,1996,Summer
755,Koutoua Francis Abia,Cote d'Ivoire,2008 Summer,2008,Summer
756,Koutoua Francis Abia,Cote d'Ivoire,2008 Summer,2008,Summer
757,Pablo Abin Vicen,Spain,2008 Summer,2008,Summer
758,Pablo Abin Vicen,Spain,2012 Summer,2012,Summer
759,Pablo Abin Vicen,Spain,2016 Summer,2016,Summer
760,David Abibssira,France,1984 Summer,1984,Summer
761,Silke Abicht,East Germany,1988 Summer,1988,Summer
762,Haithem Abid,Tunisia,1988 Summer,1988,Summer
763,Younis Abid Sadkhan,Iraq,1988 Summer,1988,Summer
764,Jaiye Abidoye,Nigeria,1972 Summer,1972,Summer
765,Jaiye Abidoye,Nigeria,1972 Summer,1972,Summer
766,Sagat Abikeyeva,Kazakhstan,2008 Summer,2008,Summer
767,Mitsuhiro Abiko,Japan,2008 Summer,2008,Summer
768,Tomomi Abiko,Japan,2012 Summer,2012,Summer
769,"Catherine ""Kate"" Abilla Awino",Kenya,2016 Summer,2016,Summer
770,Ismail Abilov (-Nizamolu),Bulgaria,1976 Summer,1976,Summer
771,Ismail Abilov (-Nizamolu),Bulgaria,1980 Summer,1980,Summer
772,Camille Anne Franoise Abily,France,2012 Summer,2012,Summer
773,Camille Anne Franoise Abily,France,2016 Summer,2016,Summer
774,Endurance Abinuwa,Nigeria,2012 Summer,2012,Summer
775,Bode Abiodun,Nigeria,2016 Summer,2016,Summer
776,Firmin Abissi,Benin,1980 Summer,1980,Summer
777,Firmin Abissi,Benin,1984 Summer,1984,Summer
778,Sarah Abitbol,France-1,1998 Winter,1998,Winter
779,Inga Eduardovna Abitova,Russia,2008 Summer,2008,Summer
780,Ceyhun Abiyev,Azerbaijan,2004 Summer,2004,Summer
781,Diana Monteiro Abla,Brazil,2016 Summer,2016,Summer
782,Enver Nazymovych Ablaiev,Ukraine,2002 Winter,2002,Winter
783,Enver Nazymovych Ablaiev,Ukraine,2006 Winter,2006,Winter
784,Enver Nazymovych Ablaiev,Ukraine,2010 Winter,2010,Winter
785,Leslie Ablett,Great Britain,1928 Summer,1928,Summer
786,Leslie Ablett,Great Britain,1936 Summer,1936,Summer
787,"Edgar Allen ""Ed"" Ablowich",United States,1932 Summer,1932,Summer
788,Denis Mikhaylovich Ablyazin,Russia,2012 Summer,2012,Summer
789,Denis Mikhaylovich Ablyazin,Russia,2012 Summer,2012,Summer
790,Denis Mikhaylovich Ablyazin,Russia,2012 Summer,2012,Summer
791,Denis Mikhaylovich Ablyazin,Russia,2012 Summer,2012,Summer
792,Denis Mikhaylovich Ablyazin,Russia,2012 Summer,2012,Summer
793,Denis Mikhaylovich Ablyazin,Russia,2012 Summer,2012,Summer
794,Denis Mikhaylovich Ablyazin,Russia,2016 Summer,2016,Summer
795,Denis Mikhaylovich Ablyazin,Russia,2016 Summer,2016,Summer
796,Denis Mikhaylovich Ablyazin,Russia,2016 Summer,2016,Summer
797,Denis Mikhaylovich Ablyazin,Russia,2016 Summer,2016,Summer
798,Karin Abma,Netherlands,1976 Summer,1976,Summer
799,Thorine Christelle Aboa Mbeza,Cameroon,2016 Summer,2016,Summer
800,Felix Ahmed Aboagye,Ghana,1996 Summer,1996,Summer
801,Bukola Dammy Abogunloko,Nigeria,2012 Summer,2012,Summer
802,Viktor Andreyevich Aboimov,Soviet Union,1972 Summer,1972,Summer
803,Viktor Andreyevich Aboimov,Soviet Union,1972 Summer,1972,Summer
804,Viktor Andreyevich Aboimov,Soviet Union,1972 Summer,1972,Summer
805,Viktor Andreyevich Aboimov,Soviet Union,1972 Summer,1972,Summer
806,Mohamed Aboker,Somalia,1972 Summer,1972,Summer
807,Mohamed Aboker,Somalia,1972 Summer,1972,Summer
808,Ilze bola,Latvia,1998 Winter,1998,Winter
809,Agnese boltia,Latvia,2014 Winter,2014,Winter
810,Agnese boltia,Latvia,2014 Winter,2014,Winter
811,Agnese boltia,Latvia,2014 Winter,2014,Winter
812,Abdul Razzak Aboobakur,Maldives,1988 Summer,1988,Summer
813,"Matthew ""Matt"" Abood",Australia,2016 Summer,2016,Summer
814,"Matthew ""Matt"" Abood",Australia,2016 Summer,2016,Summer
815,Piroska Abos Gvorgyzakab,Spain,1988 Winter,1988,Winter
816,Piroska Abos Gvorgyzakab,Spain,1988 Winter,1988,Winter
817,Piroska Abos Gvorgyzakab,Spain,1988 Winter,1988,Winter
818,Jean-Pierre Abossolo-Ze,Cameroon,1984 Summer,1984,Summer
819,Jean-Pierre Abossolo-Ze,Cameroon,1984 Summer,1984,Summer
820,Abdelhalim Muhammad Abou,Egypt,2016 Summer,2016,Summer
821,Tarek Abou Al Dahab,Lebanon,1968 Summer,1968,Summer
822,Tarek Abou Al Dahab,Lebanon,1968 Summer,1968,Summer
823,Tarek Abou Al Dahab,Lebanon,1968 Summer,1968,Summer
824,Tarek Abou Al Dahab,Lebanon,1968 Summer,1968,Summer
825,Tarek Abou Al Dahab,Lebanon,1972 Summer,1972,Summer
826,Tarek Abou Al Dahab,Lebanon,1972 Summer,1972,Summer
827,Bachir Hani Abou Assi,Lebanon,1972 Summer,1972,Summer
828,Ashraf Abou El-Hassan,Egypt,2000 Summer,2000,Summer
829,Ashraf Abou El-Hassan,Egypt,2008 Summer,2008,Summer
830,Ashraf Abou El-Hassan,Egypt,2016 Summer,2016,Summer
831,Galal El-Din Abdel Meguid Abou El-Kheir,Egypt,1952 Summer,1952,Summer
832,Magdy Abou El-Magd,Egypt,2000 Summer,2000,Summer
833,Essameldin Abou El-Nein,Egypt,1984 Summer,1984,Summer
834,Abdel Khlik Abou El-Yazi,Egypt,1992 Summer,1992,Summer
835,Mohamed Moustafa Abou Elea,Egypt,2000 Summer,2000,Summer
836,Mahmoud Abou Elelaa,Egypt,1984 Summer,1984,Summer
837,Mohammed Tawfiq Abou Habaga,Egypt,1948 Summer,1948,Summer
838,Zaid Abou Hamed,Syria,2000 Summer,2000,Summer
839,Youssef Kamel Mohamed Abou Ouf,Egypt,1948 Summer,1948,Summer
840,Youssef Kamel Mohamed Abou Ouf,Egypt,1952 Summer,1952,Summer
841,Gaber Mooti Abou Zeid,Egypt,1976 Summer,1976,Summer
842,Gaber Mooti Abou Zeid,Egypt,1984 Summer,1984,Summer
843,Taher Abou Zeid Sayid Amer,Egypt,1984 Summer,1984,Summer
844,Ahmed Farid Abou-Shadi,Egypt,1948 Summer,1948,Summer
845,Ahmed Farid Abou-Shadi,Egypt,1948 Summer,1948,Summer
846,Ahmed Farid Abou-Shadi,Egypt,1952 Summer,1952,Summer
847,Ahmed Farid Abou-Shadi,Egypt,1952 Summer,1952,Summer
848,Abdel Fattah Abou-Shanab,United Arab Republic,1960 Summer,1960,Summer
849,Abdel Fattah Abou-Shanab,Egypt,1964 Summer,1964,Summer
850,Sadoon Mohamed Aboub,Iraq,1988 Summer,1988,Summer
851,Zakaria Aboub,Morocco,2000 Summer,2000,Summer
852,Inni Aboubacar,Niger,1988 Summer,1988,Summer
853,Ibrahim Mohamedin Aboubaker,Qatar,2004 Summer,2004,Summer
854,Ibrahim Mohamedin Aboubaker,Qatar,2008 Summer,2008,Summer
855,Ahmed Ghmin Aboud,Iraq,1992 Summer,1992,Summer
856,Fathi Khalifa Aboud,Libya,1988 Summer,1988,Summer
857,Kamel Aboud,Algeria,1984 Summer,1984,Summer
858,Marwan Suhail Aboud,Iraq,1984 Summer,1984,Summer
859,Rabah Aboud,Algeria,2012 Summer,2012,Summer
860,Mamdouh Taha Al-Husseini Abouebaid,Egypt,2016 Summer,2016,Summer
861,Alaaeldin Ahmad El-Sayyid Abouelkassem,Egypt,2012 Summer,2012,Summer
862,Alaaeldin Ahmad El-Sayyid Abouelkassem,Egypt,2012 Summer,2012,Summer
863,Alaaeldin Ahmad El-Sayyid Abouelkassem,Egypt,2016 Summer,2016,Summer
864,Alaaeldin Ahmad El-Sayyid Abouelkassem,Egypt,2016 Summer,2016,Summer
865,Haysam Farouk Abouelw,Egypt,1992 Summer,1992,Summer
866,Waguih Rauf Aboul Seoud,Egypt,1968 Summer,1968,Summer
867,El-Sayed Aboumedan,Egypt,2004 Summer,2004,Summer
868,Dany Abounaoum,Lebanon,1992 Winter,1992,Winter
869,Dany Abounaoum,Lebanon,1992 Winter,1992,Winter
870,Sdonoud Janvier Abouta,Mali,2004 Summer,2004,Summer
871,Mohamed Mohamed Mohamed Aboutrika,Egypt,2012 Summer,2012,Summer
872,Ahmad Shah Abouwi,Afghanistan,1956 Summer,1956,Summer
873,Adeola Aboyade-Cole,Nigeria,1972 Summer,1972,Summer
874,Cheryl Abplanalp,United States,1996 Summer,1996,Summer
875,"Alexander ""Alex"" Abraham (Steglitz)",Germany,1912 Summer,1912,Summer
876,Andrei Abraham,Romania,1936 Summer,1936,Summer
877,Andrei Abraham,Romania,1936 Summer,1936,Summer
878,Andrei Abraham,Romania,1936 Summer,1936,Summer
879,Andrei Abraham,Romania,1936 Summer,1936,Summer
880,Andrei Abraham,Romania,1936 Summer,1936,Summer
881,Andrei Abraham,Romania,1936 Summer,1936,Summer
882,Andrei Abraham,Romania,1936 Summer,1936,Summer
883,Andrei Abraham,Romania,1936 Summer,1936,Summer
884,Attila brahm,Hungary,1988 Summer,1988,Summer
885,Attila brahm,Hungary,1988 Summer,1988,Summer
886,Attila brahm,Hungary,1992 Summer,1992,Summer
887,Bernhard Abraham,Germany,1906 Summer,1906,Summer
888,Gary Abraham,Great Britain,1976 Summer,1976,Summer
889,Gary Abraham,Great Britain,1976 Summer,1976,Summer
890,Gary Abraham,Great Britain,1980 Summer,1980,Summer
891,Gary Abraham,Great Britain,1980 Summer,1980,Summer
892,Gary Abraham,Great Britain,1980 Summer,1980,Summer
893,Melita Isidora Abraham Schssler,Chile,2016 Summer,2016,Summer
894,Tadesse Abraham,Switzerland,2016 Summer,2016,Summer
895,Shiny Kurisingal Abraham-Wilson,India,1984 Summer,1984,Summer
896,Shiny Kurisingal Abraham-Wilson,India,1984 Summer,1984,Summer
897,Shiny Kurisingal Abraham-Wilson,India,1988 Summer,1988,Summer
898,Shiny Kurisingal Abraham-Wilson,India,1988 Summer,1988,Summer
899,Shiny Kurisingal Abraham-Wilson,India,1992 Summer,1992,Summer
900,Shiny Kurisingal Abraham-Wilson,India,1996 Summer,1996,Summer
901,Mariola Teresa Abrahamczyk (-Fronckowiak),Poland,1980 Summer,1980,Summer
902,Ara Abrahamian,Sweden,2000 Summer,2000,Summer
903,Ara Abrahamian,Sweden,2004 Summer,2004,Summer
904,Ara Abrahamian,Sweden,2008 Summer,2008,Summer
905,Stphan Abrahamian Gonzalez,France,1968 Summer,1968,Summer
906,Clyde Abrahams,South Africa,2008 Summer,2008,Summer
907,Glen Abrahams Martnez,Costa Rica,1984 Summer,1984,Summer
908,Glen Abrahams Martnez,Costa Rica,1984 Summer,1984,Summer
909,Guy A. Abrahams,Panama,1976 Summer,1976,Summer
910,Guy A. Abrahams,Panama,1976 Summer,1976,Summer
911,Harold Maurice Abrahams,Great Britain,1920 Summer,1920,Summer
912,Harold Maurice Abrahams,Great Britain,1920 Summer,1920,Summer
913,Harold Maurice Abrahams,Great Britain,1920 Summer,1920,Summer
914,Harold Maurice Abrahams,Great Britain,1920 Summer,1920,Summer
915,Harold Maurice Abrahams,Great Britain,1924 Summer,1924,Summer
916,Harold Maurice Abrahams,Great Britain,1924 Summer,1924,Summer
917,Harold Maurice Abrahams,Great Britain,1924 Summer,1924,Summer
918,Sidney Solomon Abrahams,Great Britain,1906 Summer,1906,Summer
919,Sidney Solomon Abrahams,Great Britain,1906 Summer,1906,Summer
920,Sidney Solomon Abrahams,Great Britain,1912 Summer,1912,Summer
921,Isak Abrahamsen,Norway,1912 Summer,1912,Summer
922,Knut Leo Abrahamsen,Norway,1988 Winter,1988,Winter
923,Trond Sevg Abrahamsen,Norway,1980 Winter,1980,Winter
924,Trond Sevg Abrahamsen,Norway,1984 Winter,1984,Winter
925,"Donald Robert Abrahamson, Jr.",United States,1984 Summer,1984,Summer
926,Richard Neal Abrahamson,United States,1972 Summer,1972,Summer
927,Richard Neal Abrahamson,United States,1976 Summer,1976,Summer
928,Kurt Christer Abrahamsson (-Abris),Sweden,1972 Winter,1972,Winter
929,Erik Adolf Efraim Abrahamsson,Sweden,1920 Summer,1920,Summer
930,Karl Gran Abrahamsson,Sweden,1960 Summer,1960,Summer
931,Karl Gran Abrahamsson,Sweden,1960 Summer,1960,Summer
932,Karl Gran Abrahamsson,Sweden,1960 Summer,1960,Summer
933,Karl Gran Abrahamsson,Sweden,1964 Summer,1964,Summer
934,Karl Gran Abrahamsson,Sweden,1964 Summer,1964,Summer
935,Karl Gustaf Emanuel Abrahamsson,Sweden,1928 Winter,1928,Winter
936,Ulf Thommy Abrahamsson,Sweden,1972 Winter,1972,Winter
937,"Fletcher Abram, Jr.",United States,1972 Summer,1972,Summer
938,Iason Abramashvili,Georgia,2006 Winter,2006,Winter
939,Iason Abramashvili,Georgia,2006 Winter,2006,Winter
940,Iason Abramashvili,Georgia,2010 Winter,2010,Winter
941,Iason Abramashvili,Georgia,2010 Winter,2010,Winter
942,Iason Abramashvili,Georgia,2014 Winter,2014,Winter
943,Iason Abramashvili,Georgia,2014 Winter,2014,Winter
944,Yelena Vasilyevna Abramchuk (Kopets-),Belarus,2016 Summer,2016,Summer
945,Oleksandr Volodymyrovych Abramenko,Ukraine,2006 Winter,2006,Winter
946,Oleksandr Volodymyrovych Abramenko,Ukraine,2010 Winter,2010,Winter
947,Oleksandr Volodymyrovych Abramenko,Ukraine,2014 Winter,2014,Winter
948,Yevgeny Sergeyevich Abramenko,Belarus,2010 Winter,2010,Winter
949,Yevgeny Sergeyevich Abramenko,Belarus,2010 Winter,2010,Winter
950,Yevgeny Sergeyevich Abramenko,Belarus,2010 Winter,2010,Winter
951,Yevgeny Sergeyevich Abramenko,Belarus,2010 Winter,2010,Winter
952,Yevgeny Sergeyevich Abramenko,Belarus,2014 Winter,2014,Winter
953,Yevgeny Sergeyevich Abramenko,Belarus,2014 Winter,2014,Winter
954,Yevgeny Sergeyevich Abramenko,Belarus,2014 Winter,2014,Winter
955,Yevgeny Sergeyevich Abramenko,Belarus,2014 Winter,2014,Winter
956,Yevgeny Sergeyevich Abramenko,Belarus,2014 Winter,2014,Winter
957,Lahcen Abrami,Morocco,1992 Summer,1992,Summer
958,Ek'aterina Abramia,Georgia,1996 Summer,1996,Summer
959,Jernej Abrami,Slovenia,1996 Summer,1996,Summer
960,Levan Abramishvili,Georgia,1994 Winter,1994,Winter
961,Levan Abramishvili,Georgia,1998 Winter,1998,Winter
962,Andrey Vasilyevich Abramov,Soviet Union,1960 Summer,1960,Summer
963,Andrey Viktorovich Abramov,Russia,2008 Summer,2008,Summer
964,Andrey Viktorovich Abramov,Russia,2008 Summer,2008,Summer
965,Nikolay Kuzmich Abramov,Soviet Union,1964 Summer,1964,Summer
966,Pavel Sergeyevich Abramov,Russia,2004 Summer,2004,Summer
967,Sergey Mikhaylovich Abramov,Russia,1994 Winter,1994,Winter
968,Valery Aleksandrovich Abramov,Soviet Union,1980 Summer,1980,Summer
969,Inna Vladimirovna Abramova,Soviet Union,1988 Summer,1988,Summer
970,Inna Vladimirovna Abramova,Soviet Union,1988 Summer,1988,Summer
971,Nelli Mikhaylovna Abramova,Soviet Union,1964 Summer,1964,Summer
972,Yekaterina Konstantinovna Abramova,Russia,2006 Winter,2006,Winter
973,Yekaterina Konstantinovna Abramova,Russia,2006 Winter,2006,Winter
974,Yekaterina Konstantinovna Abramova,Russia,2006 Winter,2006,Winter
975,Yekaterina Konstantinovna Abramova,Russia,2010 Winter,2010,Winter
976,Alen Abramovi,Croatia,2006 Winter,2006,Winter
977,Alen Abramovi,Croatia,2006 Winter,2006,Winter
978,Dmitry Vladimirovich Abramovich,Russia-2,2010 Winter,2010,Winter
979,Dmitry Vladimirovich Abramovich,Russia-1,2010 Winter,2010,Winter
980,Aliyah Abrams,Guyana,2016 Summer,2016,Summer
981,Colin Winston Abrams,Guyana,1988 Summer,1988,Summer
982,John Charles Abrams,New Zealand,1956 Summer,1956,Summer
983,John Charles Abrams,New Zealand,1960 Summer,1960,Summer
984,Benik Abramyan,Georgia,2016 Summer,2016,Summer
985,Antnio da Cunha Meneses Martins Abrantes,Portugal,1988 Summer,1988,Summer
986,Antnio da Cunha Meneses Martins Abrantes,Portugal,1988 Summer,1988,Summer
987,Antnio da Cunha Meneses Martins Abrantes,Portugal,1992 Summer,1992,Summer
988,Antnio da Cunha Meneses Martins Abrantes,Portugal,1996 Summer,1996,Summer
989,Arnaldo Lus Isaas Abrantes,Portugal,2008 Summer,2008,Summer
990,Arnaldo Lus Isaas Abrantes,Portugal,2012 Summer,2012,Summer
991,Arnaldo Joaquim Castro Abrantes,Portugal,1988 Summer,1988,Summer
992,David Abrard,France,1996 Summer,1996,Summer
993,Tsvetelina Abrasheva,Bulgaria,1994 Winter,1994,Winter
994,Amir Abrashi,Switzerland,2012 Summer,2012,Summer
995,Thomas Abratis,Germany,1994 Winter,1994,Winter
996,Thomas Abratis,Germany,1994 Winter,1994,Winter
997,Pawe Abratkiewicz,Poland,1992 Winter,1992,Winter
998,Pawe Abratkiewicz,Poland,1992 Winter,1992,Winter
999,Pawe Abratkiewicz,Poland,1998 Winter,1998,Winter
1000,Pawe Abratkiewicz,Poland,1998 Winter,1998,Winter